{"1": 0.8999999761581421, "2": 0.8999999761581421, "3": 0.8999999761581421}